,image,target
0,tfymlmdkpzkqdjhdxyhnoeuqszxphw.jpg,0
1,rxgismgsvmaayzjarbfjaljhqmpbrt.jpg,1
2,uuzshfrhkgrkolhwdvliqauzulurnz.jpg,0
3,mjspxsagzusaznvnyxgamtrlqkqklp.jpg,0
4,rlbmuajgezfiddjzlyeoupxpqubkpt.jpg,1
5,ngvvhadzegowlxligtftkbucwyphvw.jpg,0
6,qlwbzgvdyqwncrvqzaezrrqlwuugdp.jpg,1
7,lbbmpcbdwgdbskcdmsanklchyknuig.jpg,0
8,xgpvctqkxpuljjixphprbdrkcuzfoi.jpg,0
9,tszmhququgjczggoxanwvdlzbdbxhb.jpg,0
10,qvqhxwbgpskanqpsfbigdmbpkenvgk.jpg,0
11,eqirckpknxclvrlxvfxaswsodbxlmm.jpg,1
12,yoewqnzdgdhogcwdageakflfeogisq.jpg,0
15,hcysrvramduefsgkkgvqbmxzlodgal.jpg,1
16,spdcmncwcnpqagxrlivyldeknnfcvr.jpg,1
17,zaemovvkdftxvorancdugwjzuodbmm.jpg,1
18,uvpqnqfujwsxhbgvfbvcidhcqnyuum.jpg,0
19,kzgroxmxsdfrkxusymupjaxumbwoow.jpg,1
20,cjsjioqkweumqcnobaydijuvfvtrel.jpg,1
21,iehmewhtlomanneoicvbyjonzzcbhh.jpg,0
22,uiclughuenqkjonhhjgjclflpqkhsk.jpg,0
23,hfbevhhmejjmdndclkpyeyaideyjgp.jpg,1
24,pmociluihyptefnqdlihzzodiczkso.jpg,0
25,qkishcozhztulvrhvodbabprxomeuq.jpg,0
26,gvpxmmxppqjudjgopzedpjxypiptvv.jpg,1
27,puqorndzkjfvoumnsalrxwtagkatzx.jpg,1
28,onyffqwtwwbgvwxhhvfypoauswcodw.jpg,0
29,dpdeuxtkwvguedrtkxpoqhlzmaaprz.jpg,1
30,euaxozalqcqmhzyvxpiihzcvfzpcub.jpg,0
31,iyfvcbwzfaqgyhucpjkjarokthoxrk.jpg,0
32,jmhkcysyccbltidbhhulrfrcuskgbj.jpg,0
34,ctphrbatrhaucvhkjbiocaaohfzctt.jpg,0
35,sveewpluezhyjjgpmvtpwbgollpmwp.jpg,0
36,sbeuyukmnjgyeaerbjcykdevmjtkpb.jpg,0
37,vplmaqntbpbvyyoqixjdvtipaqazjq.jpg,0
38,gdhzlcfqsexrthbxdmldnxorvyonua.jpg,1
39,fingxvtrgywssidapmeibojfikcrlv.jpg,0
40,xqpenvrsqzvtxzfyrfcdezrzrrzysb.jpg,0
41,vlcapgrrgkzxaanjypqcqdpbmiookm.jpg,0
42,jznokamxqbgrgbqmtnmgelssgyaseq.jpg,0
43,ukidlyglhjokzipbptpwiprxemvcje.jpg,1
44,hzgmturbntrerjscgioxywsfaayuaa.jpg,1
45,rehiddykktnnhwzupyadebpfdryvck.jpg,1
46,eouybnsapmsazlkxozskmiobmzezts.jpg,1
47,seukgcqtzivrfrmwkiptgtqqlrujvx.jpg,1
48,yqkmdiiogltaqdrprelrqditsdznbc.jpg,0
49,dhehiouqegpspfnclnohhsebenkdoj.jpg,1
50,vxlghbeedbdqrcvqdeyptghcfekuta.jpg,0
51,bahdwupocidtwpmrhpwdkpdgysdpss.jpg,1
52,eplqsimumlncrsppcvakbcztbqgjkx.jpg,0
53,sucwpndvjowyselnhnlehcnvwnkgxr.jpg,0
54,jsioghmkkmygqjzjykjiudwknttntz.jpg,0
56,ofuvedftjsveczvitdzofbgtlqjezl.jpg,0
57,mzbnflvlipwxvzzcyrhphjjuqosdws.jpg,1
58,hykvvhqnuhxgjbtzbllxpdvjxkjkox.jpg,1
59,qmlmfjegeachhaaeifxoatlmkoaacd.jpg,1
60,ccglfyhcakkzwlaufiuuabxhurdbso.jpg,0
61,uouhrvydvzwjhdidtrnbfoqcmutnnw.jpg,0
62,bcjtxzwosngtmfmhqjpwukughmymbg.jpg,1
63,ablhcfuyqnkcanakxmpreufqycpgqs.jpg,0
64,ysttordljlmrdwshtbvifcuvbydeib.jpg,1
65,embrjjkivqljstbjxqealmnaikwuxr.jpg,1
66,gvuvnlfasuyymmwljewpzgkmpaohrg.jpg,0
67,nyfeanbdpmwuzrvfzpdlonfwdecpqf.jpg,1
68,swaqwcqegdlzeqtkhduvjassjpgskw.jpg,0
69,vyldpdmxxktxmgjuercfvuhmlttvqb.jpg,0
70,hnkqokgieyopckjbaenpdmgnpntnzz.jpg,0
71,stjfpwlmjugoohoeqvaoebagvubysc.jpg,0
72,azgujihjrssbfelgjrhcrebstgmqau.jpg,1
73,lxdnuiynpuaqxlxtcyptuyyanaovux.jpg,1
74,ycjycyfacirnrqpeuddgyaxamspjvz.jpg,0
75,iqrdqqjwyzbxigmpjoyizdbzxwywfy.jpg,1
76,uflvwsbylljniplogotuxdtvjizuwg.jpg,0
77,lvitvjvycvoytxlzlwgvypuhvpslip.jpg,0
78,jneoqlrtawkpizfdhneqplgiayqcpk.jpg,0
79,utzvwqquncnaoturaibrafowtoszck.jpg,1
80,slpzcushaybmsibhkvcwyzfmxcsgkd.jpg,1
81,cnyjqachaoirjtlwuvfmhuseblqzty.jpg,1
83,wbkyhzfxathhiyipzpkzotbknnulnz.jpg,1
84,uqersobkusawmkpnxmeppqpydmswpc.jpg,0
85,beawbpzupyaqkmkezucjpdqahqybxx.jpg,1
86,fstuusiywhuxkcqlgiunxqbbthjcjb.jpg,0
87,bmhlecdnfmddqxlykcvgjckrpgpppo.jpg,1
88,lexnlsmwaporqkigwsjrnmmakgjddm.jpg,1
89,efmhnpqnpslwrheitqwdjiggqvjzqq.jpg,1
90,brskgxgxzricfzbtutpmakgmbkeiry.jpg,1
91,pqugtagfwxxcznsbiuymvdafrbbvub.jpg,1
92,eyfruosenrvdfoaeonbxkwajgumlso.jpg,1
93,aznaeyueexqslcxxsdjtmhlxvaqfqe.jpg,0
94,xrgkcgvfxedwmzjcxertwhrabzyfek.jpg,0
95,mshiwmufbboxbmqnxxnkvduycxqxpw.jpg,1
96,fgftnknjgcslhmzvgzyevuwbjvmolz.jpg,1
97,dkdsvadunhgyrbvvkqmxngleibpbvl.jpg,1
98,gqyiqggsgtqtmwpjtctzgajzbxlebs.jpg,0
99,rrhknnbadttjkterflybfedarbxwxk.jpg,0
100,vszafuemtbxcbdkwiconlqqgehnpek.jpg,0
101,syidwhoemyurceerefjrdqsnvuoedf.jpg,1
102,pkvwddkwgdaqwemevcgdcsyklycgyi.jpg,0
103,lcbiefkxtcoogzfkkbuzmjpjseaebq.jpg,1
104,bumetltzkxhqikkcvtewednjvxkdxt.jpg,1
105,azhnlhylrgishwltvtvjwwddqpkbje.jpg,1
106,zjpbqkpsiabpddevrrmmndvbinjutk.jpg,0
107,zcxjtwmxqsdhgnoyscwzakmrxvyjcw.jpg,0
108,lfnymioyxniwuwtygcnjdwkjsvxhmh.jpg,1
109,srhdxrxecwclnlkxjkpkfkppemyapl.jpg,0
110,gzgiwpkzpxvezrswkevtepwikkkleq.jpg,0
111,cjdycjgptonhopomfjmycbfswkfahz.jpg,0
112,nolhvpfsjjwhuwpelqsbxynlzzryfy.jpg,0
113,yozhlehavjvknybfuhavqvtflhfgnb.jpg,0
114,kitsyjvhlfnxphzzcjmyangveqzams.jpg,1
115,kprijurvnzbfnrdawwycboxdnvpfqv.jpg,1
116,mynnjdjhlxqptwvfxdwdjvxegabhzd.jpg,0
117,dmxqloymxorkvxpgnitpmpuosewzhw.jpg,1
118,wftdonqpkxawrohepkiobwmkhnkgtq.jpg,1
119,aamrmacbsylkbahdhvcfmeqvgyjopc.jpg,1
120,ngindczbczghlbprdcypuesbqtcmbb.jpg,1
121,rtccxhqclbisjkpfsdsidtgufqcmzf.jpg,0
122,bpsqgullbohggorgbajkjoktqvkapv.jpg,0
123,snmtnjbctzypzyowulzrjigrvealkd.jpg,1
124,kxffsezqghgudspenhfvfncosyhhob.jpg,0
125,ufxviypazuqrnpgsdicdpuhxngbusk.jpg,1
126,knpmsdjjupafsfktgfkvighqgvqwbj.jpg,1
127,uumdctaoqxedwurlpasaemsuwaarcc.jpg,0
128,uctayocprzifcynfyffttsnjpmeorn.jpg,0
129,eqwpusalrfwfmvgdlowponrletetye.jpg,0
130,kzwgnxvlaqdtskemzyailcwqtknjvy.jpg,0
131,zarkelwgccbevnpntosdonodvknyca.jpg,0
132,txoznnnsfdzlrlfbfityvsnyhueecc.jpg,0
134,xqdmuacwizwbjuohxxgwkvyoqwxyep.jpg,0
135,ylgyltxagvhsmfcawnzdubhlrnscmw.jpg,0
136,gmmctpebnxdfvykbiasvvtcshrljkm.jpg,1
137,kdbdyiqloxitodahlvstmxkqvlpgtj.jpg,0
138,memdyczsqlrlaywtweayfqkfooutrc.jpg,0
139,rrrhcduxrxxaxqulttmpozxxprkcnm.jpg,0
140,btxlkthqwakcphyrimpedjjyxfgaey.jpg,0
141,xynhxtqglficaxzblmtggbwrmwhxid.jpg,1
142,augqgteilmkcvkahfvognxdnegfkqh.jpg,1
143,klgavzoztlcdugackgmjfvkptmzaaf.jpg,0
144,oyelzxrdyefofcyveazssrcbkjdeml.jpg,1
145,uloxavduwqpdmzwdmtyqbynukljvzo.jpg,0
146,iqapowpcfoltnvxctelhwlqroknssd.jpg,1
147,sylgsucyayhotkvwdqjbmlanzvsrym.jpg,1
148,syfjyaditohtaxhsvfxfcvseqbmeya.jpg,1
149,izgyqexjdgyxyelbuoyefqzpjqxhzd.jpg,0
150,fdbhnkispxlueshxexbfvmlwmyyudb.jpg,1
152,wniqycuybwrxtepmmbziebuyxxrbsu.jpg,0
154,hmxlvorxckkvgfoilmkjcqopybnyxc.jpg,0
156,dfqkkbuzpttzniwjarlmkhbxsdouoo.jpg,1
157,humhrwpblbiknlpjhpqwiwlqlujsat.jpg,1
158,atywjyglemsgynxsvkjfmtmfmizfbd.jpg,1
159,idzcsuscitfkvavpondzbzedeexnkl.jpg,1
160,whnxfhywbdrtjhlxruqxdkiyacmmut.jpg,1
161,mdozhuqmfaaadkupgglsopycnsjvbc.jpg,1
162,lwjwlmveemcgzsnugqxbyflcaydqij.jpg,1
163,kdlgkrztwbnfdwllyppfqiuisybkca.jpg,1
164,onulkylxwphnvtitwdflxctukzbxmb.jpg,0
167,tuavqrwbvuiiquwvuqtxyhmggoqajy.jpg,1
168,gkyjkeedaemohdobanmdzbibahhdkk.jpg,0
169,gglpwfczlsqndffskujhufshlgfzqp.jpg,1
171,eyzpghuongisnbaqoireqbizfxffgg.jpg,0
172,ntggzagrsbptwzioinxojyzfredhne.jpg,1
173,goqvtxrmmybbdrlchmzknkpkikevck.jpg,0
174,daojyiptizhycqshksqlpxqsnyxplk.jpg,0
175,wyhxqmozvunxrqsqglhqqltfetydks.jpg,0
176,xuwjsmyeocmdzyfdrfihgpidzainpg.jpg,0
177,pmwuvrgtczywvejtxppkhclzhtgdbc.jpg,0
178,ycfdcxuyjfrmdduckgbhndndkmwund.jpg,0
179,vsoarmucnvclvlqggmogjygdwxmevm.jpg,0
180,wgorjgqlvosnettfjuhkqopzqdsrzn.jpg,0
181,erlikrotyjjkqbrapvknuabpsmaewf.jpg,0
182,bryydceebocakswstrbehhcavohezb.jpg,0
183,rdiupmntxodhniflujupeghdthrkno.jpg,1
184,mebismqkzkqqhhyeyufzwufifxkvgh.jpg,1
185,cnhpwvnrhpynjtzaqywhjzmealvepr.jpg,0
186,ekmlxxoresvqgdmowrfbpzgwrfjbhk.jpg,1
187,ioxptdqzysfomhodpsypfeyoopumwg.jpg,1
189,tbqoerqumsbyqligihafzerivmrjvj.jpg,1
190,lwdnrpyfvdowhgftrbjzkbjgihcfrm.jpg,0
191,votbkwfladhpqytknoggxfmmfmosyb.jpg,0
192,hzvudjfpugxukalkspxmtuxibfjixr.jpg,1
193,lwmdzzsaiixwqpkenspvmwbagjihmt.jpg,0
194,rbtaseskopjcawwxcolgohkunftmop.jpg,0
195,mmcdwnrfqloagorzowwuhshdkqnqwi.jpg,1
196,ahswlzuhcgpyjumleocamsdiulqqlj.jpg,0
197,ucjdirlyvruulxlqwujltutkkusvmg.jpg,1
198,cvcakuzugpciyrleluofjxfnyitkpp.jpg,0
199,ljioypzxsayfzmpzbdzksjtwgebsig.jpg,1
200,njrssmehjwaofuatvwtfbmqawuhyyx.jpg,1
201,tyjketzmddoqeyperybgkylbvgfgjf.jpg,0
202,huiiwjaunysepgwhcuunzfzsxrtoyz.jpg,0
203,rlavyoidildcmfmjxtuwmnrcsvcxtv.jpg,1
204,rpsyomvfelvtgcuwahmjpzzajzsbxb.jpg,0
205,mcabddclpgpdhsmbbhxcxjvmetthjh.jpg,1
206,qzapjaioinobcjxrgrwixsdzkfdfhp.jpg,0
207,xrdqshulknhxmjvvtkeexsfxocfoxl.jpg,0
208,xaldeoupzbrardnvwkjqgysgscnphw.jpg,0
209,ppjjkxzjbdwgtabruxbuoaozygcbpt.jpg,1
210,wtmvoqstegmdmmkewhumavgdggpoek.jpg,0
211,scinyegbsxvszgingldfiggswajhji.jpg,0
212,nkqxnxrgfurdeisgzhkalmatlrdxxl.jpg,0
213,fycejvqxgxkxwoisphftuwvqheqori.jpg,1
214,cjzsootzherxxbjigvhtuywulkizoj.jpg,1
215,ajobyfcipqvzgtddqywsphgtewgdrx.jpg,1
216,zvwtedjjyxckozhbknswxqynebmkeb.jpg,1
217,mzmafkljixvydxyqaosrmzslszvikn.jpg,0
218,cptrylokoqvforyrunlffjjxtfefyu.jpg,0
219,yyjdtnkxdhpuycghpnzxtwxfctxljf.jpg,0
220,cbiddxjkuflcqhqbzesnsbjaljwlxj.jpg,1
221,llpjfwbbvwvhfrnxgizgjtuzmoanvz.jpg,0
222,xqlhqrdayrmvhatrqxosemhrwrqpcx.jpg,0
223,cporvbdxoqrfixolhjekytjjhfaxak.jpg,1
224,chmzrwqfqjxakeopoegnmpacmeomri.jpg,0
225,gngoauwyvtrnomekbcbhqmrfcubent.jpg,0
226,xtbhorlqannjmjkqntazwodlsjzofd.jpg,1
227,rotqjlfvovubyjuxqzwgpyusyitmof.jpg,0
228,rfhdqnmawaphrfwnpfxitmxbzjppxl.jpg,0
229,kqymrnopfkwvtkjaatnzkyreiprmns.jpg,1
230,owhmxfkbmwrpclupbcwpqrjgzajhjr.jpg,0
231,jjeydmpeiumltwggrauihdyjijkear.jpg,0
232,prgpqwhfezochfstkmllzxramdcgdc.jpg,0
233,sydvpghajgyffkujckrbjuhmcxmmjt.jpg,0
234,sbcnvulixmcbjezgosfkshdcsbovtb.jpg,1
235,fbapxijsbxkhhukxpbdhhujxetoqsu.jpg,1
236,djzdqczfwvrsxvdevsnilzqmtmepjx.jpg,0
237,kotklhjvdxxfwcjfaeienjtzcdllyn.jpg,0
238,coqliuutcrbvczilweljtcvjsonnmr.jpg,1
239,auykulkvfqecycisekctygdvygjhrc.jpg,1
240,iqfdzqvlknbkzeecldpilnfphuvkpb.jpg,0
241,tmirwwzjdugzeynzmzomdkorexluiu.jpg,0
242,rwefzxdnwnkvashdcnnusjfhdkiecv.jpg,1
243,lajopjzalvfqgevcmemscyzrmtbreg.jpg,0
245,hqekuvpyyasgcjhbkttdepbndlinmy.jpg,1
246,uxydkggabzowknogwrfvrtputpjdjd.jpg,0
247,mkastywzworowdxeuctnhvbhwcjlcn.jpg,0
248,tslxepigefkmddeykwqaewrygtslwr.jpg,1
249,ogtkupzlrvufiponfimdpeocnxhvpk.jpg,1
250,fusqppukkoqlzlqylwaoenicbulzhk.jpg,0
251,nbmzvzwjridginemsejzgvvwkixniq.jpg,0
252,dneansozlgoktirzhykdooadkhiwhq.jpg,0
253,jhhtcvigjostbkkgggaamtwzurnqer.jpg,0
254,fqkgmohcyrwitoufxpoovwogpciawl.jpg,1
255,lqllkwuuiizdblmgqvsumboutwycbh.jpg,1
256,niaxfkfesixkvwlpwonntlqqsbrjor.jpg,0
257,utedtuuathvzhxpzxinudngjishbbp.jpg,0
258,bpwzubqeojttiklnrskmqheackknsn.jpg,1
259,bhlaxcbmkuzxpudcoliyjwbjfgzped.jpg,0
260,cnlmaezsbsykjrtguadjaevcaqhart.jpg,1
261,ocvraqvlvcbftlvhemucifqrtkvxgx.jpg,1
262,ihgmzyexcvpdzxsazmgbxqoyouzoaj.jpg,0
263,yzatnbwsgrqvqpsnxslzyfkckvoepx.jpg,0
264,ovvsvrvfrfspbyqyuqbiofwuvfconu.jpg,1
265,pprrewdbyvocdowungzgnyvbgeehol.jpg,1
267,aveyxuohexvwmtgiqqldejobxhcbru.jpg,1
268,aeoznpwjxjsawhiousrpjrxmeltnkw.jpg,0
269,jgrkuacafspvvcpdxeydeicyldovsx.jpg,0
271,qyqvkjizaxvsfcgnhurnzbzmoxbltz.jpg,0
272,ikmfldaptchowfrgmzrgssiqkjicyw.jpg,0
273,nhjvztqdqtiiriktdreonfvbborddu.jpg,1
274,chayxrbgfnnnkqiyuwmyxonmkhzoya.jpg,1
275,dbiadtjlgrzzqoghwvdutgcmamwyle.jpg,1
276,gpjdwopftszmosweyaapcvnamyfxso.jpg,0
277,hgnrxclaqbyniafndxadftlzibefwx.jpg,1
278,khnpcxzfluxnhcqpxbyvibhuiomwuy.jpg,0
279,qdyhvtfluuvbqutuvpwuppwpctglna.jpg,0
280,drmoebbhqisquqphavixhalrxqnxvi.jpg,0
281,jbjvrhaagikcfvbsctykaqltvwdqrt.jpg,0
282,weptoxstkbzacxhukduszypyhqxvbh.jpg,1
283,ezpufvruyaycpcrcfuovbimxvhzcaw.jpg,1
284,pucpmiivdyunxqjxigabqfqujjyyxs.jpg,1
285,lwneqjfaulignkrnobdcadsciylmcq.jpg,0
286,radafdaijhzgynzcvgpdiaqpddfwrp.jpg,1
287,pvvzfihzishaquvkgqfxcftqqarcvu.jpg,0
288,oinqmmowhtsqovexkrmiuvebkdifgf.jpg,0
289,hpurkuyxligdvrhgbtibxzbmkbvvzc.jpg,0
290,gkkyvkssgzphtrubosqxyhkaihmixj.jpg,1
291,nqwmnhkbvuocjnjrcgnmnhjhhvqhec.jpg,0
292,atxgwqlbhmrkqcaxvuetfvhgauvcee.jpg,0
293,onqlhirnckescbcbflsmyavmtzyoal.jpg,0
294,qdwzxivuebjdrugykudddewkursusc.jpg,1
295,pxugxdakuyebluqvwhhmtavlevehdq.jpg,0
296,wfgfnxerjwwaocegncznfyaueygyiu.jpg,1
297,qnikpyngsxekcazlemvbfimnmrmwnk.jpg,0
298,pbwavcntioittqeuygszeovrxnthay.jpg,1
299,savapdstrnvxewmtqnwbqejymftyqe.jpg,1
300,ahragsfmvjjtciuuzvgbuahoqpjkly.jpg,0
301,qqagdvzvzvpdpelujmkvfcdcxrgans.jpg,1
302,gzmchbgmbiwuyckveuenjgkutgaoqk.jpg,0
303,mylvywurxdiisjkzjrzewghowfkpye.jpg,1
304,aaqrdyfhhsdwjiykofhsexfdamezlk.jpg,0
305,cnszgibvpzkbpwwypnwqckfjybvezl.jpg,0
306,qjdevwklwfzdkvwysyasxfpqmatcef.jpg,1
307,dcpnflnvxiemwvoeztorrnhibjwfuf.jpg,0
308,ayrhyxisagkltdwypeacrdwucsnues.jpg,0
309,vavfrsesqwyfzsyhsxqgelkjfbpznz.jpg,0
310,riksngucvkfwkyahrmlczjyasojvwo.jpg,0
311,wfgjfivjkiitifofauuaytyeaxrrll.jpg,1
312,saajghmghgmnlwlyogbiplxvnhvdec.jpg,0
313,bokaluyqtprwstaomabkyywzpnrngs.jpg,0
314,hpkriaejvshjgceilcgissdbdjkjbc.jpg,1
315,wbikzcncuacqyqlqcmplkqwhhbywis.jpg,1
316,cyqpraocamaxzxaoivpbuybxmpcwij.jpg,0
317,dueetwolvbwjxqhmvrmhkjxoxjatxh.jpg,0
318,ywcnzhkqqkxrcrtpjgukymljcxyyyw.jpg,1
319,jprjbvnjvmnancimajwfpwvvnezgxb.jpg,1
320,thuzhkgjyvcukyyqiyovrpdyndvpcc.jpg,0
321,fepflxwsprpjvagweolynfosnytarh.jpg,0
322,fwmtgqhmsnzriudqgiettemjaudwut.jpg,0
323,uqbjmakxqbdkhskyamydtiwlkstpli.jpg,1
324,iurrhmjxbxceorfaykgawuvrsakvmh.jpg,0
325,yljdpfqmmxqcwplvtrqsxjoyvcmleo.jpg,0
326,zgvgjdxlrhfgoepmagvuivhnmfuuoq.jpg,1
327,ljxfqpvspgpqtmbhhvqxovltludxlu.jpg,0
328,kbfprdfmuicvutpvutvwhctequtcvv.jpg,0
329,fnnyhmbbxyapetrlgvdlkgfylxxqfd.jpg,1
331,ertrdwzalmofqmiykebcdbzamuvuag.jpg,1
332,exsgpqdwklswcjnraroqelbpxnoivq.jpg,0
333,fsqlihawzshtlycpvdthekrazqqvmh.jpg,1
334,laqhefejpknhdmlzkfudavqcqvhqlu.jpg,1
335,zqkcdbvwkljllfbecryuitzcmcieij.jpg,0
336,dgclmkygpoghuheokjzhvblmzkzdin.jpg,0
337,czzrmnxapwoytmvxmynsjeuroqdsdt.jpg,0
338,baecitodgixqzomgkuuixhtpxalmzi.jpg,1
339,cxqpaaqtsdapvpcoizxcayhyfykmjl.jpg,1
340,wvvphaihzxuufdtdmajriikbsbzxju.jpg,1
341,httisaslaqttgyopyxnjjmxqsqzwys.jpg,1
342,oowtnstjoknvplkhunpdwrwcpxirvr.jpg,0
343,imvxweirgozaxbythelnmuqpqbddqk.jpg,1
344,zrgfntovqjzmrenvndkyfqskmhoqbo.jpg,0
345,qyvooeiowhdtwdvlfvakecwleukbvb.jpg,0
346,vklfdggbpubyklvopwqexdutovabqe.jpg,0
347,dqzsjtgepucdjtkuyqesmirmsuirqe.jpg,0
348,wykodimykvcrclldklvwugnhnptero.jpg,0
350,agjhrdfqyvzjoivmtbrvshymsiqocu.jpg,1
351,gxcddcokodvhhuwipfpbopbnsikinn.jpg,1
352,gcfjvimyajtagycfofeygpwkyuhxoz.jpg,0
353,nafzzlvazyhqodcebnylpnmbctqwat.jpg,1
354,enpkviardsazgyepmymcseehqaadeq.jpg,0
355,igaxgfwwglqtqhlptcpwyhxfdtqtmw.jpg,1
356,jvadkqgjujwjysijjllhztmycvtmzr.jpg,0
357,ehfnvpictkwhhnzmtsypriqbfknrgn.jpg,1
358,bxazgghixladgkjuctwbbplfusnmuz.jpg,0
359,ofrtkzzqwymoqlacpghpvkmpxyjczs.jpg,0
360,jhzpnsmcjbcdmetshxtyfbnzzffwyy.jpg,1
361,kjrmigjjrknhnsepposyepuqzszasw.jpg,1
362,jovhexogcwgvnpmqopkxgqutngejfr.jpg,0
363,bpjgrawxmtctfhcujukasbzbnuphee.jpg,1
364,prkrkappwvvumujnlzbuicfjskwaau.jpg,0
365,mgtrtptwtgsplvsjpaglyvaxzzmbrw.jpg,0
366,nnjeveoldnmxhnfaumqddbihrxvxfw.jpg,0
367,bnsstzvjlmwfeypiwmkcpdcnnftsuq.jpg,1
368,cqhlktnhplqxefxijdqwvatnmjiuox.jpg,1
369,muteikifrayeljjgliwamyorikpbgx.jpg,1
371,mmjgypulumbxwwkcnaslzgxgrewytj.jpg,0
372,polqjnunfnulcgoyuhwcxlydvlheeh.jpg,1
373,lrkbgfnolnsagnfytsmwjmhvztiyhq.jpg,1
374,lseyyusejdwbevjqmnrctmdrxjqzgx.jpg,0
376,kadiyluxuyrrrbskwhfrdgwcxylovd.jpg,1
377,rrglvnqfgzdkborqqpsqfeeehwqhls.jpg,1
378,uozhapkotdfjmqorabdluvgjnwkmml.jpg,1
379,qqaypycgxnhulhjiynknwbqgrcclka.jpg,0
380,cwzcmlxrbqaooqbkorglcztgvodlod.jpg,1
381,vnqeuddcqwuownogilxzpkmdcrazva.jpg,1
382,ydrvekvlppaqqgwbjmjqfxwluazzxj.jpg,1
383,jbwenlwxtxyaqztgoicxacwxlqsjks.jpg,1
384,ceqdxlmbzctzmurwdxbknlxqjsudce.jpg,0
385,nuukxoletturavhpmprfeziaokevji.jpg,1
386,sswwlrxvhyhstuiykurjkaxwesdxfw.jpg,0
387,lfidtioamkcmvhswxwlchaqfwrspsw.jpg,0
388,rrlinfmdckrcpukpsamywkusiqmbxg.jpg,0
389,srfqemajcsxobwhyxurrrthvydfwub.jpg,0
390,ffszehfyrajcvlrynygukinvotlshg.jpg,0
391,yvnbhskxbhbhmpjdgfbaxbfamyurft.jpg,0
392,kxkdbtbgzwfhblawawnnvxtqqqtlro.jpg,0
393,jekochvwutsuioxreihlbqqbelojdg.jpg,1
394,rwgkxuqqljwvhqrsogzlihhvzjabgl.jpg,0
395,pkhjirmztlengyvcyryspaanbyyncj.jpg,0
396,dxzrogtvgozaougbwabycxrljodbtr.jpg,1
397,tmeugnpaguqbqiwpouunqzpczoucdj.jpg,0
399,csoqfmptkoxwkmkgvqijdkdcisegml.jpg,1
400,gmquckbspnnynsvwiuprdeuutxcwzy.jpg,0
401,spkeezsnymkqnktyugkoazfuphzvip.jpg,1
402,ptlreprconjgzwytlaakxutkxcyzvs.jpg,0
403,zklunmytklhhzvtmufytsaihhfrgzq.jpg,0
404,rvrmjcalhqdskhzzddwmvztgpnzucl.jpg,1
405,wfrljvnhcchkfxboqpadkaumbaktor.jpg,0
406,lrwhajwqooqvuekbjpzmufussyxmkz.jpg,1
407,xledbmwwfajbljtzrbluxkhwpjtdyq.jpg,1
409,aqdlngpcxkwcjimrenxphhaotwvgrs.jpg,1
410,evwjjlpbaiqsyxtsmrduitjsswxkje.jpg,1
411,llvmqgijbszwjhakwvfnmaaxurpcuz.jpg,1
412,lrwaaxcbcebsfnirarhqukxnhqbcpd.jpg,1
413,rblxyebdxsswuozyyjmdcyuyqjmzcz.jpg,0
414,doebulowehyakthlkgzxotiyellgas.jpg,1
415,coailpnigqsodekojjozsixodaiafl.jpg,1
416,fuwljbuiohnagiaxljrwdwhmqhqobp.jpg,1
417,vypoagcvlqcuegrqhsumgvfezwhide.jpg,1
418,zkkjwcbflswhblwenbtuoncocithsf.jpg,0
419,pgziyshsucxiixrivppqaavzpzumre.jpg,0
420,lvcugzzbmxqjlxosdzsnvjmytmcsip.jpg,0
422,sgbblueahmagbohfkssucrioqtmhdv.jpg,1
423,wcvbkuahuncjccukyjnnlzvzchywzi.jpg,1
424,lkoxarjwuqwmpidunwjkojklwclukg.jpg,1
425,xwtdzqtqfgriqpxznfomajsoopfarv.jpg,0
426,jvsaztemoymklkvejkvmlsoxymwqsp.jpg,0
427,cbgxdkgquywmdaapvjgfdwigfoxeix.jpg,1
428,jpewusgxdbannlsilpjpmslukrkgsa.jpg,1
429,hsdekumjteanhjgggeilimmmnsgizw.jpg,0
430,krwawhpsohqkntcpdihyaoyityyeil.jpg,1
431,rczcycvupqndlbjvioiphpketniefy.jpg,1
432,dobcmgwjiiurqultatbxuigachntms.jpg,0
433,wpeaomsfghnzjpbchnbeyfubtsppif.jpg,0
434,dcwpsjckwixmxqskhpxcspulebewsw.jpg,0
435,lezkptqmqeleaouzfmcpomptojvegf.jpg,0
436,iqlsdbnjowiqswcdyghueaitkmnbjo.jpg,1
437,xfpavtjcslgqpcodollaswowusfzcv.jpg,1
438,ygaawyqwpszncfgyyeympovkxinlhp.jpg,0
439,uejmbngyvypadrzijtzhdrwobwwliu.jpg,0
440,cpnmrxmbyqddxsssfksmpotmiukzjy.jpg,0
441,zawckdveggqsqhklbafqgdkpqjzivw.jpg,0
443,ngeicxstlcyqivhdvbzhmpxxwgunfd.jpg,0
444,sqffxaqqfuaaglwszqvbonxkqvubea.jpg,0
445,lowaakkcreqjtebwflpyprybqrncjq.jpg,0
446,vfwfhyvffqxlkjrrmoxyhqtkymdgre.jpg,1
447,pzoassehtplnfkhaxqlypibxxpaqre.jpg,0
448,sczhdwamqbmpolozkmncxyqtcwcbdd.jpg,1
449,yapsawxxzpgssccvmkdicpapyspgbe.jpg,1
450,xygofrhejiubcnftksdkmxbwarwodi.jpg,0
451,dlvyrcgnkszeodhqrtdqfietiaxpgc.jpg,1
452,wxnkpyvsxpcxhyfnnleacondpjnvlb.jpg,1
453,dazkdezgehvbieiapklvcrroxflbwl.jpg,1
454,wnwuicvjalgobfyplwhxebavyldipy.jpg,0
455,cacwfcrwoztpldtkbpgyevdtveivnt.jpg,1
456,hankcxghyoazepdywzlbuuayejuntb.jpg,0
457,zbmmixvefcnotutstwrxzcxyjnqyul.jpg,0
458,sozkygklirzemzkjuwtpqqlbkgjzdy.jpg,0
459,znthmaqunfjqsfybtixsphzivlxubg.jpg,0
460,xfbrahzodrtdkgppzlsatqqnerpccr.jpg,1
461,novvcdiisxcepscbjetnopaonzummx.jpg,0
462,mgghhrcrbxjdszfylgolcrjsvelhof.jpg,1
463,iefkcrieoefusyrcyicncqjnmtxybz.jpg,0
464,dacidgvhrcgyttssxvfcsancaqkqhb.jpg,0
465,doyfmrkrfntvborrdvoxnblajbljrr.jpg,0
466,qtlxhrsgyifuwxfgezqohgkxjkyypk.jpg,0
467,iznrivnlbyzccwipdiopasoqkqpdjz.jpg,0
468,xiciddvkvdxqwokswmqbeoymaumzyr.jpg,0
469,dxtrdikuzexsokwddvpdyoywovrekg.jpg,1
470,kuxwdtrzeeqezotlvqfurpzqdhvlph.jpg,1
471,cwinthcylkxogdbzmdegsdmrtdgsjt.jpg,0
472,jigqbjapcmrjvwfkrcjzukigiibttj.jpg,0
473,zwraxnnikcsbxucagwbyzvqyckwjiu.jpg,0
474,cnbzcotscamiuegmdomzehahnjirwi.jpg,0
475,etwqgdkqabjtjltlscecnmqulvdrdw.jpg,0
476,kppdekvtprvcqwfdyxzpphaknjjfsz.jpg,1
477,irwhkmmswgdvozfmrsjljfyihvcruu.jpg,1
478,gxoniiscwsmaaerouetsyezthremux.jpg,1
479,fgtyzqjuatsdfpstjjoygpbxswbqdw.jpg,0
480,liydggqgifvbzohqkhjwjudljdhuyf.jpg,0
481,jobdntvzjdvfpqwategemzrugyheyo.jpg,0
482,oejfnbmtyknfxtrneqhkwyraidkvwv.jpg,0
483,pfhdkjlmhlatgfauqnoagoubkxccah.jpg,0
484,hliwxrvmssilvybjbccoaxecnltylv.jpg,1
485,gyufmuyplkhgejrjmsenqbbtcdaawf.jpg,0
486,btxrtykxyndbccgvyboscqgesotvhy.jpg,1
487,hdkrlyaphygybkarupttnzhzmopelk.jpg,1
488,ekyurepahzoaxcofcxlnjlwebjzsrt.jpg,1
489,krvzqzlunkaseffqvkvryniendykfg.jpg,0
490,vowykwetsbqrojhitqvjnahcsbybxk.jpg,1
491,qrzxncrfkjyavdjajjcksslcftadbk.jpg,0
492,fgwjrbepbyjmakbkjmqwbivmqwznez.jpg,0
494,pyjadmrpperkkiavagwhiuxyfoncxx.jpg,0
495,opitzcdsxnaudhsskebbpddfrizcmb.jpg,1
496,lfksbuaqwrieayohbfptmumbfjdebb.jpg,0
497,yqjgzjfimcosaiooagedxshaqvyohm.jpg,0
498,axgzuajfnlaucpbqcaefhqeczaeebl.jpg,1
499,ikhlomyatxfvjjynfgpmyquiqlzufq.jpg,0
500,knksbcprgvtefnwojmwjjfgunjbcfo.jpg,1
501,jsshpeconezopjazqepucqtvkuxkyn.jpg,0
502,dqhgxnmlcyindyufkvtbxzhwmwgbum.jpg,1
503,ymdebxtkxelgjcfcjjpmhfudampdxj.jpg,0
504,tlxqlatzdxqoocgbfpvvatxxqosfbh.jpg,0
505,ppfbcnhfnqgnhkedevzxomwqrjtsgk.jpg,1
506,tqlkdrgyxadrgxdsteqndjrsdcpzry.jpg,0
507,vtpnyeyupdwxmykjczbhacybmfpxyt.jpg,0
508,qrszgqeyvimvdknvmkexzzotmlhvoh.jpg,0
509,nmrfconhojuuwqaszmvlzsnywysruv.jpg,1
510,mmyzpsubrlmncomjiljweurkyxwtoq.jpg,0
511,kxdrybuvxglafohrxfhxfkvhqmwuzu.jpg,0
512,yynytdunmamenhqlhvnmphhhhbovmm.jpg,0
513,tfzyixafumiekytpfdocrfjzzvhvtl.jpg,1
514,hqeofiflkshpmnrxlccsidhzmnuthh.jpg,0
515,gybimawglrtzozisflzbfehsuxiooy.jpg,0
516,zicacpsjfajdzudyzedyjjhumgulty.jpg,0
517,wcfptsqwbisosjljrubgfekrpwiazc.jpg,0
518,eodhhoakptpopitocuudmfaljlnxab.jpg,0
519,etdttnaofpvzbpekfuymfliovmwxxk.jpg,1
521,bifznsjlljsdatbtmokwhhwoshezsg.jpg,0
522,ooekdkrhzhpuugrwbaswapsjwcidoe.jpg,0
524,ffstpobcxhdierscaqhreofaxiliip.jpg,1
525,ulnjnxlyhzgzocbrdprrhkksccjugm.jpg,1
526,gkxlskgoqgmqkdsgnelilksjyucgro.jpg,0
527,lpjfigkmftfajewyssranzkwawkuaa.jpg,1
528,oprgyxfhjuiuxzmjvmnfvppeibtqpu.jpg,1
529,smjjwgyxrvpedxzgdgdxmadkzjhxxb.jpg,1
530,emtetjfvjynygrlylqpjgycqgkndtw.jpg,0
531,autgwhcjgvsfakpitnsnrokzbcglon.jpg,0
532,yhmribvabgggpbtlllehizxkfqalqq.jpg,1
533,ylzxdqpxqrmwexsyhyevghbgbxjqvc.jpg,1
534,sdnwpkzowelajiqebyrqmygeooeqmm.jpg,0
535,zqnjslbgufdovwfmrjskyqyilsadsq.jpg,0
536,nbhdqoisxkcoozgkwyuwcjehniqxwm.jpg,0
537,blndjtttrlsvlvcbsrflouowheehrc.jpg,1
538,gvffkeypaoiwhtdwczabeuqtyiugtr.jpg,0
539,zoptssyykrqwylautftdjjbgujmiig.jpg,0
540,hkkdallyhxmfjjchsoxesxebhtygvq.jpg,0
541,gmgpdflphzxcjngvqpgwqjwcnugelz.jpg,0
542,iqcjnyjecbuqnswlixwfxstemuhnts.jpg,0
543,gvryvlubplzelzmzewqhwohzqtljdw.jpg,1
544,irpggwgdilveqldjbjiujbbaliueyj.jpg,1
545,dqxbhahwtsftpzeyzuctzxbmovacgz.jpg,1
546,rcxywpuskfedmzzdlsgdchydttahky.jpg,0
547,fzndcjcmodhbdeunmladhvphggphiz.jpg,0
548,jdptxyosmpkadzefqwdybhczwcetls.jpg,0
549,frriasrrutbfzggwldhrkzkkdtddbg.jpg,1
550,farjpgawowkvandaiyutqnfxllvokd.jpg,1
551,kjgubfzpwtlwkzuismodgzncsolkjj.jpg,0
552,pckemkmgjbvdmhcthlxuxlqzmkyspg.jpg,1
553,nvqdkncyhnyankdznzuvfzynonqkon.jpg,0
554,xyallbtelawepbmsjjojbobschpdqj.jpg,1
555,jjrvufzuvhbrekmahtgbyvsaipesyh.jpg,1
556,cruflligcqifwoncmbkjzmzmvshxgd.jpg,1
557,hdrkardohmljfoaejdpbpkutfrdfur.jpg,1
558,kamgyhpvfmaabzbahljxxmqgwrlpae.jpg,1
560,jeboojkgogozhjiwalokxhyjzscpwq.jpg,0
561,ejxavuqtingroxooeqduqpnvqlugox.jpg,1
562,gqacfwfotqwlbvmobfdquaduwhdpck.jpg,0
563,xfydzktuxgnvvjbtvrsbaqsfrrssef.jpg,1
564,ieogzamndwfuoojnrlwwiqzaljogjt.jpg,1
565,ulxbbojlpaqhkjknzhqdghmetdkcdm.jpg,1
566,nkbuhxqaddijjvgcplsbxrnwexvmll.jpg,0
567,aajjpjqlqyywucvkzuwsqpbxxyqiih.jpg,0
568,tymkjmdvwpcgmrzfzeauxkveghfpvu.jpg,0
569,tjztdiwdlzaczgiuxnefdthkjqamgb.jpg,0
570,ylpmuviirizhvbbavarakofbdlvxgd.jpg,0
571,lhojqfvhrfwmodaowocjgjcaczkzun.jpg,1
572,tlqiandivcgezspueqmnfwpvjqvljv.jpg,1
573,xssuquzxphcmdrpcrurcedzxwazbmm.jpg,0
574,ccpskwjtxpkwxhowtovvbtrdxmzcun.jpg,1
575,cnzwogmqaujdoaoctjcufqkmivzndh.jpg,1
576,vrjjsujewecjybqxmlmyblvooodgzm.jpg,1
577,vcrhwteptppxtmhpzjozlvktyieyek.jpg,1
578,tosktmljkjfdmmowiceorrsducmhrj.jpg,0
579,kfonflqwzjoypdteyfienebvkryoyx.jpg,1
580,gknekhtxumsiktsbnrmczrczxalrml.jpg,1
581,wucmpjefqutxiadolljzpiqrkkcdlu.jpg,1
582,lurovcxqvkdzpyjuugsafvbajfortt.jpg,1
583,qpnntburywwiwdkslpzaieackmscrc.jpg,0
584,bbncsestiogrfkymcgbrpxajcokkox.jpg,1
585,rldychejdhgkktihmgwbrxbqeudjlj.jpg,0
586,fljvamzsszpwkqeorlousfurjgdxlp.jpg,1
587,kqihfuctnngjaelqetrinzltnazdmf.jpg,0
588,bmvnzkvdelwaoppjowbbezfdzyufzu.jpg,0
590,oxscmkbbcgtjxjwiimmlnyvtmkcuel.jpg,1
591,tqscrbcqdkpvdlzdmelyelbsmkfsez.jpg,1
592,qrqhjgtolfxpujhfaqdmbnzbhkgddy.jpg,0
593,rwewqiizlikiupmglroawuashwktcw.jpg,0
594,rzunvltrzlytruultkysvgwkdxcagl.jpg,1
595,jkevoxejdweimrvdqxcsclehlhgpte.jpg,0
596,ysfxfqfsclwknvfvptcumiowxglpqx.jpg,0
597,tjnirjfuwyulpykgpymwnhktcziftj.jpg,0
598,gsjyikrwaodcitgrgcsalsppuceamz.jpg,1
599,rplmzaccmemuesqysjbrcfkmxlzsdc.jpg,1
600,ithkkmgmiihhewlqiycznvepzxxaoh.jpg,0
601,dpyeigsuhkdzjmslxzpnuomzhgghqf.jpg,1
603,cfeetndnzhmalxewaafeorzbjfdkkp.jpg,0
605,bwrmkzlhqvmecajtmfvicmankqhpvk.jpg,1
606,znuhfdsvytafkwfjqxbzuvyaehtpex.jpg,1
607,tcgcmxqebwirykftgvichdlelkrsxi.jpg,0
608,jgwydywnuqwynmpqbohhhhxqvszsug.jpg,1
609,captiqioqqslxlipgqznzxtpwzevls.jpg,0
610,qmnjdtxpccsokmtoxckorwgzxxsgew.jpg,0
611,xydfmddsoanzmvokauiojbvuqimzdf.jpg,1
612,uhtvagonubwtidabmaskzbmlwqbdvm.jpg,1
613,notbyaanldpimaiuliqkvxystzwino.jpg,0
614,trgdslyznzcnkejjabvoetbimapzpu.jpg,1
615,sznikdxsxbwemsgidcfglqtmhfpoxu.jpg,0
616,shmtmwkqlkkoyxtnqfoxvxmljlvkpc.jpg,1
617,tkwoxmrmbiepsavmqvuarvdufgwyga.jpg,0
618,vbhwvtwajbggbvmhdufuzbhairvsom.jpg,0
619,zozjmbbkkzxemobwbhftgskxlwmnwi.jpg,0
620,cedgvznnkdxgvubwvjbgqvxetzqipb.jpg,0
621,qfzjlvwypfhaduhpbwckzctsuqnxsp.jpg,0
622,yvrbjqlyidrstzvpyfiyroshdhpyzm.jpg,0
623,koyzsmvyanbokoocvaqszccxzprpza.jpg,1
624,xrulqhbcbggsafptdvbuujqpyhejpi.jpg,0
625,yqggczpviodhiralxnqqveapcvqjze.jpg,1
626,rxgbwdnfesvbcjpwxccmwmujsjubwz.jpg,0
627,rdoiauxzuiksyyuqofqzapdzuhcbjs.jpg,0
628,cyuhqosnymnrludnccguohuyyzegti.jpg,0
629,lycttvvlmfidyniqbvvmwkktwserol.jpg,0
630,bhyajkefrzixtsylypevexueyjgtky.jpg,0
631,ltzllosqifwqjsdsplvhthkbyhcssf.jpg,1
632,ksqecvsnltcyxdcldmxtjdntyoycrw.jpg,1
633,mpiyfegdfcjyqdhxblcjlskygxegdd.jpg,0
636,htxzeentvvqcxqchlxrytlydqighzo.jpg,0
637,dusrdvulolkrvswqywrqcndcwzavmw.jpg,1
638,eckxcaejqyvtuechtzdhqwvgztzsbl.jpg,1
639,huolilhmkjmyercgadqqhrcfwwexxz.jpg,0
640,vjvkdjarjsqwnoqmflxlkpeyilphcf.jpg,1
641,kiwebmtvbfolhclghcbcdqijihdrdh.jpg,1
642,zooycwpynberlhuuryszsaamazedzf.jpg,1
643,zmmadsbdxxoxfbalhhobqlkenyyuao.jpg,0
644,jcsxrpylhqlwnltbqngzzjeemcdkbb.jpg,1
645,tnqlerkzdybeaavdttizowcnumddzl.jpg,1
646,sxniydiarotpallkxakejekesnivla.jpg,0
647,vsnbfyibouzmvezamzmtobvrakeupc.jpg,1
648,oeleqthivpylwbdjuoycbcogfmetxt.jpg,0
649,tffkinxuvgxoupdcbsbnzjzskzzhwj.jpg,1
650,nhbabiosquchymecbfjyquzxptgcld.jpg,1
651,xggkpsfdqlrytnyzcyielxldjdjqxt.jpg,0
652,bcaihuylsfysvkykincbwuusrxreut.jpg,1
653,afolbmlyqayubtqtlsqdafbvzreajk.jpg,0
654,pueoruxicpinrqmhckieebldxnjkyd.jpg,1
655,kuoyuvkfoyfhbhpwwyzvsfqnnqqvdk.jpg,1
656,dbegrxzxpmcxwcvgkgnbcjrmsthuyj.jpg,0
657,vniffeibeanebbexisydukdulrmqom.jpg,1
658,wvauzdfgrycpbawdvmdvdddklmoqtt.jpg,1
659,pkyimaglbzxkstjmaphqpravyqrmqw.jpg,1
660,bnsqhptlglmoenyzgkrbcyxsznizfb.jpg,0
661,aalpjcukdicembbvukraexfyxkmsnd.jpg,0
662,jawvljuifsyleiijslvwujhrqhbwqb.jpg,0
665,hqoqahbsyglomvxyivijhnaoywfhov.jpg,1
666,yazsmoufnxenxxgcspfqqsapuzrowe.jpg,0
667,rxtxndoptaaqidlhulmpdmefkdpiyq.jpg,0
668,sfbqiftqsrtklymfhjzytesgkrhhux.jpg,0
669,gsrkelpufbyhyoryilxvbkdtmdlxrf.jpg,1
670,zlvfjbpweenvarxlpjomdogsenjovp.jpg,1
671,kmyknxmqzetkaeiegexpirtonouctn.jpg,1
672,smxnplbtgbfqyyjpexjufyeieeoxsu.jpg,1
673,ojujwjhiizzvxhcmwlkaqwqqibiand.jpg,0
674,cxpggaenxadozfeebdjhykalhvlzwz.jpg,0
675,gfzzbdsqmxtuhebmakkqfchefhkcxc.jpg,0
676,wocscofbqalhhdcmyuxnnkgqassbmg.jpg,0
677,zvhwdvmjyizivgkirrmygqdrjdaxcz.jpg,0
678,rsrhondgwszfonirfiliehbxuwhlpr.jpg,1
679,uwucyjocqumbezaldglwpluscjzyno.jpg,0
680,hphgwudyfwnedmmpjzzwkbxrpbuqis.jpg,0
681,xnfgepdnadxffeymlrgklsjkzsrwof.jpg,1
682,fafcnwbkuuwiburppvdrmecsijfine.jpg,1
683,bplxokaadmxrmwucjvwtoxryickzve.jpg,0
684,exfkjarfpkqwyzpfkolhmyijlgluit.jpg,1
685,jjbohndpkbfozxbruuvuzlkbpgzldz.jpg,0
687,doyhoqamjdzhrhbpojtvsttntwlvxw.jpg,1
688,jlxckhwvzjrwpqolkwymqonfhnuqir.jpg,0
689,lclzinfcaigjtheunghbgremjehltf.jpg,1
690,yfkwqrcyjfloklasitpkfkubsodlft.jpg,1
691,ccsqimshvulntrsulqmquamhgqdfim.jpg,1
692,dwsgrqlfgrztnpkjwnwkgbofeaikcj.jpg,1
693,ripdtzdedsorsqleqqeduzqcdjttve.jpg,1
694,wpyvgvjhybaljtzduconhborbnpcps.jpg,0
695,fhvdgoubvfcgxjujffdgyklyosgres.jpg,1
696,cwpopsihrhiapzrwdhyrbomfvxnwke.jpg,1
697,yvqaugmktlxunneeojbdaadpgzllio.jpg,1
698,rlmxgbcjhewmegwmlgmfpleeooabzr.jpg,1
699,xtknzzxtppwsfqilqmivpipwmhdryr.jpg,0
700,xovvldznlqklyuonzbcimsjbzxrtgd.jpg,1
701,hpqcpfrxfbtbfdnislyooeeiyekmcx.jpg,1
702,qjqklnywvybvtulyyikymclmtgawvv.jpg,1
703,iggycbsegvgyvgrmpiaydouercfbfy.jpg,0
704,pfgxjwetmfsmdjoflxwgqrpcnzubvu.jpg,1
705,bvzojhjcmtfccktnbljmylimgnfwsb.jpg,0
706,fhbhkdyfrjsymzsvfxustejtuzqzlw.jpg,0
707,ndjxcrftvbfeocnwaouxevwuxlroeg.jpg,0
708,ldqowvydrrdihcpcdpsrwcvvypzwvp.jpg,0
709,fxabxelzigxmknqqpjmwxczofzhdxi.jpg,1
710,xtufvpqkfqlbucbyyiiuqqhawkwzxt.jpg,0
711,fxkkripbvitiqtsukplynjrmychvrx.jpg,0
712,ljkyoarjjsfzpguocnnmteqqidnztx.jpg,0
713,vcozhttcspyczzezxxswrkpngzisqo.jpg,1
714,ikzfewrnprjkjxqprgrdpyoambtfzf.jpg,0
715,wqocnoddovcesbkosdplpzopryuxyl.jpg,0
716,dnadyjmewxvquiaiwpxbiwtejdfovs.jpg,0
717,jqvwfwufxhkznipxenyyzefofyxsxa.jpg,0
718,lyaheedwudtwkzslpvxsxysnjvvxxr.jpg,1
719,nlqbrtlzrqyxcaxccanryeedvnbwmv.jpg,1
720,fvalbwostdugdeyqukpbassdlstthi.jpg,1
721,bzrsikipeicitszmwmfqytppuajwiu.jpg,0
722,iiocytanewmdbjhijzbaeukvprozkl.jpg,0
723,ptpvmwazzkhcsbxhrnflggepsqozbp.jpg,0
724,nnicvcsnojpjoogiukdyvyyclynvwg.jpg,1
725,vrsmwcirdmmrwrhqqspnhzexfaqtvd.jpg,0
726,xjaxtjkekahfcifoqlgllswwfyebug.jpg,0
727,mdaiwelvdrvnwdvmiscgleenkqplav.jpg,1
728,zvzkkzsfdqmjtlrhvthrhdtepmqsid.jpg,0
729,atdwaouazthyftuuesnxnwlhsrpyro.jpg,1
730,aqkluebfguwjhfdnbtawdmdqodyyeu.jpg,1
731,jlktvfsmpqlvkrrqdgasnhoakjrjqj.jpg,0
732,ceozklyaiyxgecshtygxhifbdvrash.jpg,1
733,pfutfxmybthfstflqplbghxjwekymi.jpg,0
734,ruumdlbzximznkdvthbbslwtoojgmh.jpg,1
735,jirnnxrgdbshaungrbvvvekddkeerh.jpg,1
736,juorxdrpbajlawyahstvwdoddptwlk.jpg,1
737,mlldevmpqhoamrbrrlvnrktvlgfgwn.jpg,1
738,orvfmmbzokxrfzzebqwhmdxtabiphp.jpg,1
739,fohxsjmbxsoevtjrjdlmghiuiqliph.jpg,0
740,azazbwzigdzxxsvmcizyuqgivdyhzn.jpg,0
741,lfpqyqobvryudfxxcabcncphmtavle.jpg,1
742,uceyzrlbtdzbqhiousxplkcrbpmrek.jpg,0
743,hguumdaaqstpcffrlexqqlngjimmdo.jpg,0
744,mbfvsfzeavinlickncknujiiijozlp.jpg,0
745,hmekbeggwejgmeyiyeikmfmpblypqi.jpg,1
746,uzewooxjwzphkroseskteuzyuzjgrr.jpg,1
747,yejtjqvmwykfupgbxztgisddkihejv.jpg,1
748,azadjuyizexjplduvaljrdnrjtanva.jpg,1
749,cswbdmyixhgdmijgyjubfspitwdchv.jpg,0
750,xvmgxuezjatrlkheuhyptaqnmjxhma.jpg,1
751,alerbvrcbgcixyzdlyffzbfkpdgwkd.jpg,1
752,azfbfdfqkxkktbfwafkalnkguaxfzj.jpg,0
753,hqfzdsgslobnqxhvrhbuoiowyghdfo.jpg,0
754,eijlcxndtcvdunbcfsyskzeecytlnt.jpg,0
755,oacvephlszgjxklimxnctmjegievxx.jpg,0
756,eoyfnldavjpyxjmxcvgxreuoleerng.jpg,1
757,ppdpnyylimrgedcfjcqvamcpatqskd.jpg,0
758,akrlmivoxlpffehvhrxrjgrntipsel.jpg,0
759,kdpabiczbuqitjbdvxzvxvmdggsmcl.jpg,0
760,qfcknaduwxoswgzztxvuylwanspozc.jpg,1
761,vadaiomvxyhfgnhwlkzaoxhjsmtcwd.jpg,1
762,heagvsqrcarbiqiadaefbecybcehmr.jpg,0
763,xjrjjqvtylupyblgzghhuebfbhvvjm.jpg,1
764,eovlaektknghkpghvyrafpoaxjrdnd.jpg,0
765,ksfdmiebxcibuqxlbtolqttmbednwg.jpg,0
767,uyewthadxzfbmckhzhsndrchnfnepa.jpg,0
768,ucroyqowxzlrfrcjxzhobrmwbekttr.jpg,0
769,urtdruueegyfycvcdknzgyocsghctg.jpg,1
770,cxcbhkudpsisssjflxuagoxflcoxnk.jpg,1
771,hgfhebhlukffugwvbwaufynionfkfo.jpg,1
772,uaeqvxgwlueapnycgaifofwtkvodbc.jpg,0
773,drqvhgjwrpsddpddweufwsmkgxsljd.jpg,1
774,rksqzlcxasvmtjrehpakncdrkrjpai.jpg,1
775,lpzfzoqxdxihmbajczwrurtfpiyxsl.jpg,1
776,hshqnfrbqdlkgqltoyqkrexkorfjre.jpg,0
778,vbcancybsptbqsobsldvdnkahhxgtb.jpg,0
779,vgulebonunlzcfdxqukbcwdamverae.jpg,1
780,ombzwbkxvmpafucqwcuyyyuyysmvsa.jpg,1
781,ireaconaqcgczoiwfpyledyngsfbjk.jpg,1
782,bmxsckmkwapkagiozaynnonavjcgen.jpg,0
783,ambbkpqhgtcwjofhbdceuorvkywjxc.jpg,1
784,teroetlpnnedamxzpznwalwxrqzxwl.jpg,1
785,zrkxxmwsdwtkitrchyjjeozjdaqoja.jpg,0
786,gnyzdykynwgfkopwlswdcsvsicyhmv.jpg,1
787,cppeuzgqltblfdxsvwwzcrlorytkvf.jpg,1
788,ukvfunnijeluxotwajuzosecxipniy.jpg,0
789,fcjuairujezzonrmgfkwygqpglkyls.jpg,1
790,zjrtntxkczcpztzwvennenqdlvzenm.jpg,0
791,pxuyttruriygpdgpljulkxpxquleke.jpg,1
792,avkicuxahzozhlebetkvlzrsnmovcm.jpg,0
793,evstzeujdndvuhnvkqaztcypobvlbc.jpg,0
794,zodeyvphbleuyiuloskrsfttkhalfi.jpg,1
795,wbvyywnkzckcygjoslkxhnvaipouce.jpg,1
796,jnjhuaftisdikutxavumxjnughgpwh.jpg,1
797,tmccwfoucxyhvuyxkuvsjfozytxuya.jpg,1
798,dqkqlwspzvuqandxmjnevnuugebonm.jpg,1
799,pnaofplnsbnqynjolxyptbtfkccxbz.jpg,0
800,vphrmwhbsmdanwgzrdxqtpuxoxayek.jpg,0
801,lxrfdtvdhoqgjapvzxdqqdanzejizf.jpg,1
805,vmjoagqsocvlzejinvgytizdxpbhzf.jpg,0
806,zoewwordiiyoueuztimllkvftkkobh.jpg,0
807,vatseefspvsqhdhwgnuglbmbrmedde.jpg,0
808,tkcbwoixofmaolntmfvliienbdofdz.jpg,1
809,lzeoocbmavdnknwkbcmjiyvvakardk.jpg,1
810,vbctisfxxpxuklgbyibqefeozpmgiw.jpg,0
811,cqlnluvdmthsupoqpmeakhwacncjes.jpg,1
812,qtrbvsnsewhqleokilxynjjmxtqehd.jpg,0
813,dfdwmbjhcgucbnbsanowgrsgticryg.jpg,1
814,fwxxyrdpmsjwreikgwnocqleeytefi.jpg,1
815,jqzvpqasufhixzxrepjifghcfdsiwm.jpg,0
816,dfiphtbjdqlbfwbrcavjuxniyhmuab.jpg,0
817,xzvlzjlpczribdyfnqrvfqwyvxpchu.jpg,0
819,osswldvlryegsqrzzahtctlfnudgpd.jpg,0
820,igztlvxnekgvrhzouplmalwgadjooe.jpg,1
822,fdmqoopxbplrqdgbjsfsnkislltona.jpg,0
823,vuezdvjdfalmvbeuvmpkzefxyzrdxf.jpg,1
824,vedhvbabqrnliprakhxyvqsspvosvm.jpg,1
825,xtluzjxaopcsoqcjfcnxbqafleowfb.jpg,0
826,imbbprwvxqrjpywuortdkwytpfahhr.jpg,0
827,buulolwbdhuiyrqgaiteadiljzosjj.jpg,0
828,uzmtzrefcdahbwqvjntmfpcnvskkuj.jpg,0
829,onmmqmaclgxvvlojphsiyfiengoxcs.jpg,0
830,esmvrdjcwstleaviidsugiofmjmemb.jpg,1
831,zaictnwytvlitwhuwxjvdgiycdiooq.jpg,0
832,bxeaxkqkamzqcdfaajiybvvxvqkmil.jpg,1
833,lhqpahksikiammhuktgjzczulprwrj.jpg,0
834,ogpkmpgergkqvufrdjwicdwwweagph.jpg,1
835,vdpugobucuokeehjvyplboxzbqveft.jpg,0
836,ergczyzhllvoskumrkngdpvqjjzfio.jpg,1
837,yuibmfqdhsawksrekgfnpynmttuirs.jpg,0
838,rrwtxefjhsdodbzipxvtfsawzglhsm.jpg,1
839,qsjnxrpaupjhcgikvqlhajcauhissa.jpg,0
840,hdbpxzzycbxmhtdjzgreegugifjikb.jpg,0
841,mkdzhgfrqpgkvgmfjdzkgdljgxbuil.jpg,0
842,cbcxffrtsrkmynokplvgcehktbftyw.jpg,1
845,xldajzjowwjicdobedukgexygviowv.jpg,0
846,dxvvzecbbpshpfoygmhuotnlrrbtxu.jpg,1
848,xbrlzpewefprijoujwdmjufgermdwo.jpg,1
849,hpkpizxbhygjxpkggxunjnhzfquigs.jpg,0
850,epnrpsjgdleufervdcbkrtgfnnbfzy.jpg,0
851,nkiosdfcgfxtfqgadwofgyxiyyflfq.jpg,1
852,kepfpmdawxispabidfriatsqorfdyq.jpg,0
853,zzpcszmvsjybewpvgdrrxuqghfgpef.jpg,1
854,ngdmtgmqyahlqjtjdrscolyhwxijsw.jpg,1
855,xlhcdybuwdqyzrnlqrkhtmspqxdbqm.jpg,1
856,hxdjcucrbkceqsqysitigyegxidzik.jpg,0
857,ngmqcjlkqzshcvlcnnldgplqvmipee.jpg,0
858,jkwbefhuwqejrxzsnszavfhqdnovgh.jpg,1
859,nrkdbtxydiryrdlzhciurshtgvekec.jpg,1
860,wwsgrddjsqazdybqxotetodwmhfwro.jpg,1
861,qxvqhymxgjzdnihalmsdigxyjtmyuj.jpg,1
862,pthaqvmsrkjsivzkvrfmzffxjrhtlh.jpg,1
864,xbzxgaxbzcfchvjoiqyrrdeofhnpiu.jpg,1
865,wygsvhwwvpsasnjiablgfraleeqxos.jpg,0
866,jkfqejidsxcwhluardggqfzwxldbah.jpg,0
867,qhvfxydwpweokfxfiwobhwzdomidid.jpg,1
868,fmfvfghsinkonxccjgusnozgemghyj.jpg,1
869,tnrflqyhayqftedyjuqnrxumrutztq.jpg,1
870,udfpsenomwrxrlupdgqmjuzbhfpapx.jpg,0
871,qcfxyjxbpeohycruppgrwrbmmgqhap.jpg,0
872,rpnarsepjmduabxaoglqtnlmnjurzm.jpg,1
873,sgdlskiyhvebaudsqlfszyslohqolp.jpg,0
874,qrrpnpukkwxkxnzbeondvlqqvljjit.jpg,0
875,kotqjibebsulvxwywnzpesxzmxnkmv.jpg,0
876,crlejkufdsvxrvgsitttbafwokmbiy.jpg,1
877,vcyfvxrsvaluiinwhimituunqqfvwb.jpg,0
878,heuuxfbctezhtpqdxzpzrgpkwjecro.jpg,1
879,mxpvljalhmabtlrogfacucyagvrpzc.jpg,0
880,ekhsqeikglgbtweorgldsicfxtomck.jpg,0
881,vizmjwxuqolzgehmjciyaxwqcpqbbu.jpg,0
882,bmfuiqctvegtolqbbmcfomduklrgyb.jpg,0
883,lewypbpoazikkpcihngwjntvyxopoc.jpg,0
884,hjnduugmtqaplhzparygqzacienndc.jpg,0
885,heuqhpcwahmjeeipvgluvesvgasxku.jpg,1
886,mxgczbrygsbtzvgotlkdhesmzbmhdc.jpg,0
887,dzjseqqhiwqnxopkdrxmkgxhqipjbl.jpg,1
888,vzwnrtcythmbzyhohywmkcfqjtbnxo.jpg,1
889,vhjiqpyrnbukoyftymlxgjyfnmwuen.jpg,0
890,qoboicanpqoqgtdtpbpujjucxqfuqt.jpg,0
891,rjbpcffujgzejzrdkuplntvxkskubv.jpg,1
892,zzkykwuddhweeowmgfkmfzrbeoqylp.jpg,1
893,zbnvyactzihdmdquebdhgtufczfsep.jpg,1
894,unpnnyrjadgobhkpzildjcepqywcnk.jpg,1
895,trznnzsgehbbgjcerujbkvensmguzf.jpg,1
896,larixiqhxghvearjzgboqrrhzwevxq.jpg,0
897,nelgcozrisbayqeopmnkjvutjwylwn.jpg,1
898,mzgyorbrsdhjrrrfbrfigomygexgth.jpg,0
899,jvahlwpbuqajffrwbcmdvjjthkjfrl.jpg,1
900,zppvqmcinubivgfyydmsmshmjrebnc.jpg,0
901,tdwhrpiruczqauiafkjqakqtmsazwv.jpg,0
902,ajchmdwktqtwitqgneeafxhidxamkg.jpg,1
903,zrvlkvltdwxhiglpuocpaqgiqnltzb.jpg,0
904,dmnoheipgfrpddjrompmbbeamnkdhu.jpg,0
905,gdaerivtdrevgzykzxkygfdxnonpvc.jpg,0
906,mtymkefmtnccepilrybitbnvuuhfwk.jpg,0
907,nhhffgrvqnsprkqlqnotosheujntzs.jpg,0
908,vluvivomlrbucplxubnnjjnqrotobb.jpg,0
909,dgvpyfcaevlthqplomgwuhnoajuwye.jpg,0
910,zkbkralkxupzdqkcprtjiopmabgdox.jpg,0
911,mbvxzwqbhfoihcdlhcdemyvppbhxda.jpg,1
912,umxpjanzgwhpnxfvapzdjtqqigcqks.jpg,1
913,gpdzmbpraahoopwhejmqwivkflodni.jpg,1
914,vykszwgmkjokbdgsoaatoomromgrrc.jpg,0
915,avwvzassocxwtlojdywtsfadlhikll.jpg,0
916,pmyubfgfrollnvldxlsfuyiktyuctc.jpg,0
917,caaanbfdannyhhjhixwpagygktuagk.jpg,0
918,vgicuoplaveehiznckgikoadfjkjlx.jpg,0
919,xxtbbtxrmahmoenymorwiwzqexskaz.jpg,0
921,nvuocdjbjrwocarelmqlggthhwhfyu.jpg,1
922,evagshnpvvgtrfpffihyasqsrdiwpk.jpg,1
923,zplysqonghuqjkeuchlpgrtvxoguer.jpg,1
924,rpvmnudowajssmsrbvtrddxdqbndlq.jpg,1
926,quszuahhdnqqnyzjpuynqrrgwhtxag.jpg,0
927,psifvwrylgembyiazjkjhvequaxpqn.jpg,0
928,hjwetiuvurvgbrjltkrqnxxpqvqjxi.jpg,1
929,aqolwcmqkjwnyntqjxlwelqggfdxcy.jpg,0
930,gkfzppfnyudvlfjjltjihfdeqxmbyf.jpg,1
931,nyslltsenmncdrwigjetpkalwygdgz.jpg,1
932,dsjbrulubqhgnczbjaxjgpajpwdclj.jpg,0
933,gbkwnxvtghembeknvbhaynwxnxlhjh.jpg,0
934,bakyihlfeuqedfiasisbhaltyyhhzp.jpg,1
935,lehjkmhecjnczgcqlmukifrditsuhl.jpg,1
936,imywhylxbwhithtbgaqspdvumnqwxr.jpg,1
937,hhrnkmszodxwjwikxbsmcnbwrddvgd.jpg,0
938,vkjjfilcpywjfvlodndfeovjgvnmxt.jpg,1
939,lfyovujiqapybinajxayjznpcehjts.jpg,0
940,bszfernptnnwfktzdwxzpymffrfvtd.jpg,1
941,ggdhjmbpjmsypnhoygnjazxmmiajoi.jpg,0
942,rvgcevyaokrqpeqrjizdmcqgffkwqb.jpg,0
943,djzcaenuiuyjxjskpdwvsfoyffajpk.jpg,0
944,prlpybipvnotlvwcapikjbcfyudycu.jpg,0
945,repsmzcabcfwcpxwgrpsbhbqfeeegf.jpg,1
946,lcqwzgqhokntxayegewyimaoivtoqm.jpg,1
947,gfnnwwospjgyqghrcbknsqjogxmiiv.jpg,1
949,arklkremdlmwntimzthwdoyulrfwny.jpg,0
950,dyptlmycbpowmtzaralzdgnxgozdlo.jpg,1
951,ybzmqqlodkrvbcsghkjcxwdruopemb.jpg,0
952,hohsxxdwzmeqmcrpvnzmuooozbtvia.jpg,0
953,sqaxzjmpycobmrweovtrzdtgmtmzni.jpg,1
954,hsozemoydvjgwrrcjwczacsvvziofs.jpg,0
955,dkmgufimutebgluihdujtpdyrpwsto.jpg,0
956,jsunzhhoizlpdbzikcezigalacrvrz.jpg,1
958,cruutpydetlyxxnzfjkedebmqxawxh.jpg,0
959,rftqcdlvfxatxhauwjymyodlmwqhfg.jpg,1
960,qzzmkojhpgzvkvqkaojqmuxyvmblpv.jpg,1
961,zzvhkvgfjudiormxthpoglrmgvphgz.jpg,0
962,ovodrkrurbwedmjzbetggroiixdohe.jpg,1
963,ylxeiydkcifgvqtjxslawmjtydssls.jpg,0
964,ztkarwcdrtkcugmxfsrrqhrnvtfdwl.jpg,0
965,pruszffxzorshwrtgdlwuatljbpbsc.jpg,1
966,bypdthgrbdszfzyxdhptlbgmxbueyj.jpg,0
967,kuvzssnqboopvvacenjfgzglajsfsk.jpg,0
969,esnluvhtqidrmszlwleweibivslvrr.jpg,1
970,astkaukqxmqjuyncgvwfzbydgbtlvg.jpg,0
971,jwghapwjcmxmqiohoeavwpazwuvsqr.jpg,1
972,acbcufgusmnchzbuiuxluaizkqvobc.jpg,0
973,vtdmprftpswnzxwrgrucszdhsnehla.jpg,0
975,zpfqpwuxxlpsshtufxtixxtivzbpfw.jpg,1
976,qfeygtqkgfdtbmunzdmaralauijizb.jpg,1
978,udrihxpesafdlhzdgdxyrkjwxluirs.jpg,1
979,ysbjqxmnejtmiwzlgqgtlnryleidye.jpg,0
980,nsyuicacwfiabdxiadkdzregwcpaas.jpg,1
981,cvkfdxcopqlrsadqmweypjtbmdsxab.jpg,0
982,hijxddncbcjlrtfnhxiiknslsottkh.jpg,0
983,ghrmrfrolhxyxvjxptjaiaixlbholy.jpg,0
984,zkwxmjokrrqcphllpzccmpnxxxxwgl.jpg,1
985,uckabtcfikfnyigvguvdsxjphbqixe.jpg,0
986,zdjeqwahvijdfbomkmwasawuxbvlar.jpg,0
987,svcdnpquqnpyvoclkewomjomiddkoh.jpg,0
988,cgwdqwlcoccoxkgsojluuxxruomhfb.jpg,0
990,tgyqgaxokskjyrfzzhmwjhzjarggwn.jpg,1
991,vatrstfzimhxetywhntyjsmxqaiurw.jpg,0
992,plyrslrsvfagfuxmbxwywfacilbeox.jpg,1
993,pwhssnwqwkabxzuxxozfapxsllqvva.jpg,0
994,ozfxfueqfdwzhryxxflxjdvqmkhwqd.jpg,0
995,tgssmpuowujszxqpjvxgwyymzbkikx.jpg,0
996,ajfldfzndyfdodmknemntrnnbmyjry.jpg,1
997,fqoupwfhdrmccemzqoftmcsfqxmizt.jpg,1
998,blbabryszqrxysxftlqxqbpxowwxuc.jpg,0
999,mfilemgdhvflelidqsradfkrvtqcmy.jpg,0
1000,pocrhzjbbeihsclqyybhdtrtbgfnyz.jpg,1
1001,qmltykiislwklsklnzhcsrfsqwmaun.jpg,0
1002,jiglwqsexufypxdppnxrxpfknsdkio.jpg,1
1003,ncscpnthlkbkbrybjbklqlzkzstkid.jpg,1
1005,xvuqpghikwtbkqktzotnqwmynfveii.jpg,0
1006,xednjuokdbmwqlxkkznahrkaikyjgr.jpg,1
1008,aldgvqgvvubfsrpqadningpwdwwjji.jpg,1
1009,iegowhssjdoeqzatoxziigkwceyxzo.jpg,1
1010,kierltglisujqwjvbyljhpnhoclufb.jpg,1
1012,owuysehbrtkkrcgjaocjtjbqeidthp.jpg,0
1013,cqdjlrayzabbezezeorfytdclhhsao.jpg,0
1014,ynqfdwpfaglatxhmsyhudkaobtjknj.jpg,0
1015,alcepsjrautrknnxxdnkraldhveert.jpg,0
1016,jqrajcokrrzcsedfkrkhzwwpdkamyq.jpg,1
1017,pgcwnxabgnfyipgijoqipuobxoscct.jpg,1
1018,susniwghkxvtakeqtoqgzqcrtbvayv.jpg,1
1019,ifxzqtqiynrhkoaqlpnuoosxksqxwz.jpg,0
1020,dmxiuglmblflcszviponrmqjtgvanx.jpg,0
1021,xnyzpubqutaneagsdiptpeyzjyjixh.jpg,0
1022,fjmhjzkfxneibvblroehhjvukxmbct.jpg,1
1023,ahpuycvwilxiipkimwzumzvwtiegom.jpg,1
1024,ptuyanryjcvdnfwkuyyjzkriehsfnb.jpg,1
1025,xrcnqqhbejambuvlwhikeznttypztu.jpg,1
1026,tvuhdlhawdfyoolgnlvjblmhlvhnod.jpg,0
1027,upiguxxebyjkvclwydlyglewwlxods.jpg,0
1028,pbrychhemdwfepmzxrpsrvqjwvjvec.jpg,0
1029,onyrjzzpcsvgfpgwminehgzddodtog.jpg,1
1030,tclvydvddkbjllhuwxdvffpmcjxuif.jpg,1
1031,mfwyldpbvertahbsahupvdzqeligit.jpg,0
1032,ljqwmijdoabltacwjmxpmfzqgrntni.jpg,1
1033,yxgrmdjqmsjmigzdpavsyuvkdxifrs.jpg,1
1034,ljfoynumcuizbsbazmtcztwvqsiqks.jpg,0
1035,ozcpkmxublcrwkckedavpppxsflbyu.jpg,1
1036,uxtsspzgfglzhdkpupxyjeqwjhkqua.jpg,0
1037,rxkqkebkavbowtipumptjapqxilced.jpg,1
1038,pkqkhnmfzhfkuhqlmgsymsmkzdbojd.jpg,1
1039,hfapbkmzaukgteyznxzekvlnopjtpl.jpg,1
1040,pnjdzhbefitbhvmgitpnwriicqecha.jpg,0
1041,wpicbsvbzhzohbcyqwnjmgsyogazme.jpg,1
1042,iijseyudfkzffnbewegaliecspsoje.jpg,0
1043,cretuknwxxgomuvfyqxmufphbiomzm.jpg,0
1044,moaxnhyidgejhztzrwsgqdzdrrdpbn.jpg,0
1045,xjrypbpbkifvjwlfvzcrelfgjdntzi.jpg,0
1046,wqaiekszkxpmevwfsnulgqntawluld.jpg,0
1047,idbmqgfkfblfxyoapbogjfzoihsawu.jpg,1
1048,lajbnufbsilkdlkzsrkjgvfhyielzq.jpg,0
1049,kifdcntkkexmcwemlwqludsfizurxi.jpg,1
1050,eodhtjbqngqohblzkawmgcdrejkxvm.jpg,1
1051,giigxikznzogtrwiqdlrgcdrhbndrp.jpg,1
1052,ahxmuirkfmvybugologcdxlconsfbs.jpg,1
1053,jlbgcutjfnyqsascrbcoofkcbhplxt.jpg,1
1054,ippggmhmertgtplyncbzjrpdwyzlux.jpg,1
1055,czbfqnlbawoxoekelhsqqeelermwqs.jpg,1
1056,vhgnqgtnkxleioqiuggdjktyawralu.jpg,1
1057,nfkiwtpchkbcfpcpryxdbfpnyodajh.jpg,1
1058,onfmgfqokbicypriidugbfhcxvdebb.jpg,0
1059,hfugennzaspblyszakjfezvwzgfnfp.jpg,0
1060,fiqdcxovnvzymlxzrdahilaehlvwxt.jpg,0
1061,rcrvbtptdmplhabjxrbrmxofgwcfck.jpg,0
1062,bbnnirhwbpqrtjcxkdicxahpqepggl.jpg,1
1063,buqtwduolgzpbaaonfaoljoxoijpqr.jpg,1
1065,jalxzrotsgpawelahudtocqcacffqg.jpg,1
1066,iopyxvgfsnjpnezquqowpedwmesabx.jpg,0
1067,ajrloqosdahosahdgskiunbbgmzbnx.jpg,0
1068,ejlgvrdessutninowqefntjvkjifpe.jpg,1
1069,ecuptzpfygltduxkcfcdmuwgwgabpp.jpg,0
1070,dlwfjuarrbdhmyqmvivmigwogbrvve.jpg,1
1071,mzlbcxmlhimlebosrmupyfdenxqpvv.jpg,1
1072,pkkcdqjewuwjmsgqukergsfsuazkfk.jpg,0
1073,wugjycuvvnvdomsjvtpvotqsvhpeyp.jpg,1
1074,ttuqxjhrmdqhppfxrbzgyciipwdxcf.jpg,1
1075,raajqptsfsvqiwornvrvxijlkxrfia.jpg,0
1076,nwtiibvwuhuhpxzitxjjdagnkfizlc.jpg,1
1077,zoazisfzdglshxfajmhqgkuwjaprqr.jpg,0
1078,wcztjsgjilvgcqrtjrmfcuccakrdpx.jpg,1
1079,virwglzecaaogidwkiqeimdcsuyngq.jpg,1
1080,hgbhvmgchsixnirburjixmorloqwja.jpg,0
1081,xdovauzcyozonedjdnhyifihxzpzac.jpg,0
1082,vqzhowagxtpegozkgtrhfiwdhwvjkn.jpg,0
1083,kppkvjvggvydwzeljpfqoeskemxvnp.jpg,0
1084,uvkgypcpwhxzecewisceyqvgqrlyry.jpg,0
1085,ladmuplnxsmwnfkzjgcwxxiiwouduk.jpg,0
1086,lkzeblenqbovljxpucpsufmprjxxqn.jpg,1
1087,gviiddyxzzxeahhufylmqigymemiar.jpg,0
1088,tjbvltdkyvpuhunuqriwulmgznviiq.jpg,0
1089,ggyhyjsskaumafaleouvuyscinpfyl.jpg,1
1090,csuuwclepbakojtvhlplvxenlnqeob.jpg,0
1091,yyryzthcpgyiuurzmfwpgisjfmhvos.jpg,1
1092,inrujatboubxctgxktbcqnuiemwrgm.jpg,0
1093,ahntiidispqylcvpooobbrdsimenol.jpg,1
1094,dvrxczrzjwjgyqgfgegvhwnbhathms.jpg,0
1095,uqemxrpkidnoqugrinhsjfvxsftqeu.jpg,1
1096,yjhwtbrynmfyjvpnrixsjkhzwmuftc.jpg,0
1097,gqvlpcoulkstqqwwosnyykhlvxbwtg.jpg,1
1098,ghmijyiesngyvgpegpucabzamjblhg.jpg,1
1099,fxvcfrxiuugxcrdvdbfnchmqnjohot.jpg,1
1100,tsywmjkganubokfzqluqvfvhjcnsbm.jpg,0
1101,hhzjziuzpzjalbviclpbecvjqrclee.jpg,0
1103,lnrqzpgatuqropuueaczkgaypzrlgr.jpg,1
1104,ngkiehguuxbazfouhoackfiuznglay.jpg,1
1105,zlkljhorpizivmudyemiiewjfctlnz.jpg,1
1106,fcfxeivmcnzvbzjujnqfnyjripbhtc.jpg,1
1107,xhruirxirjxtuugrhhhumfbfslhhwy.jpg,1
1108,jgzycszpnsyqhgdbcqbqeljhleryjv.jpg,1
1109,qpuwejyllmynnmgmiyniudatsuqyaf.jpg,0
1110,vahmqzlbicjxilddkjgaefqmiugadu.jpg,1
1111,knmagzinulmxsmpcbbjycblddpqzqp.jpg,0
1112,uskyagfjmtbmenfhohuyztpaacvdom.jpg,1
1113,trxvghnkpgqbreqgwhemptmpxvntso.jpg,1
1114,xrljzwedeqovuytckfwmmsbpwntwul.jpg,0
1115,lpjooozrbgoutstfqjmjjnmbfdhyxq.jpg,1
1116,tudduzwurtulrsbunhukztfhckewls.jpg,1
1117,lghflwzshvqnxymbaevpspfvpggsji.jpg,0
1118,kflxueojaerzuurnanzwjqconxmgvy.jpg,0
1119,soyhkxrqtufukyftfoiswmawjykygq.jpg,1
1120,qgydqdleqgzihizyafjulywlmqrkim.jpg,0
1121,ksbcapahwolfkcimlkyevqxcnexics.jpg,1
1122,paznidqwjluzvcfwqwtbicfntnhoeq.jpg,0
1123,uhwkqxrhlnkpwowtxbesjfwzazhxxr.jpg,1
1124,xqrgtnwepjqcylazohkvbinrtudlns.jpg,0
1125,kyejdarnvtaediutwflhgfdadtwotu.jpg,0
1126,ybxkrinbuygrihovnjukchychbqpgx.jpg,1
1127,mlmokfqnunuozvcadhcaijoxpwmgad.jpg,0
1128,ymeikcmamddmjabgygvrqpqiazgeaw.jpg,1
1129,ugqjoblxdhmbfgdlbgmpzorpuzhpaq.jpg,0
1130,kvmbftolilmezbrtktattngwlqxond.jpg,1
1131,dxulyaoosgkinkmpmnjukqyqzwvgtn.jpg,0
1132,qnksbtbkdfclllfcbvowgrmqqdxlwl.jpg,0
1133,wsopsnkhekldjpjicfjdtgobrololv.jpg,1
1134,aciificrosunmvbdqgkbtchpzawkkq.jpg,0
1135,getiewdijstnrhqdfbogfcwalvcmen.jpg,0
1136,bdfsxxapztrhbmnjjxxrxpnhnuwzxk.jpg,0
1138,jfvibkctangesudfaldrvxfetrlqfj.jpg,0
1140,uwqxqtbugdixakfddfeofoycdynlzb.jpg,0
1141,ypsaowlspxltklyqbbvfqwohecbotw.jpg,1
1142,hdwjqqdkarrqltwnslvzarpzmbnvji.jpg,1
1143,qquptmatjkzxuwkiigrxxmmqgrkodv.jpg,0
1144,lvpociypogdmfiqxdsookchsiplbpz.jpg,0
1145,vgpyzlbqwlqaadfqbwjzlhejmtipwj.jpg,0
1146,xmsiyprvibhtotywnzzvgtkpsjxrrd.jpg,1
1147,azkbnpwcbpgczhrrxakogdmhqlbzzd.jpg,1
1148,zypzolrfxrwpsnredtykrepzarfyic.jpg,0
1149,crpqcbskzewheohrtccujmzcpbibmo.jpg,0
1150,pvpwikrdhgtpmhbzqmlrjqzaygeayn.jpg,0
1152,xqjultlkywteeyuuxvtcfmrwqatbkd.jpg,0
1153,vbyadivqvhndajgtrtwznqindzqgju.jpg,0
1154,ihwakqdabfdfnixzvcmnqcjtpaevcl.jpg,0
1155,mgiqmswpfmmadfzcpgeinzqkswkdvh.jpg,0
1156,mpqmbhaysqzjmfibhwygwngzfopnfu.jpg,1
1158,pmdborhabcjrdbdkhwiiezkmkzwnvz.jpg,0
1159,kmychspsemyvuwmmrpzatjqixkaylj.jpg,0
1160,jwliddyaqutvydqftfxgxzdmpyokii.jpg,0
1161,cqpkwmcvjustitisurvvxhguqkqlcm.jpg,0
1162,onckvuntvxaqrotcibtmkgyhkmlfui.jpg,1
1163,vwogefxkinklwwskvbccplrerwduyb.jpg,1
1165,kkkjkaheyowlmcjdtsnewomlijcerh.jpg,1
1166,ziuzufbanyqlkteylhzypvvgmkcans.jpg,1
1168,stsewrjwgukveafjkbzjljawezvuck.jpg,1
1169,nfabxlejvjjptbithckvmwxiyxrrhr.jpg,1
1170,eiourdtjqltuzxrcniohobbxkfvmup.jpg,1
1171,dtrlwzntgfeyuzgelpgqzalycwterw.jpg,1
1172,gmfqxdujxlpwhdyhbpnczckmpdybfi.jpg,0
1173,yjrjgpdvfiheceeufyqnavkttlseyn.jpg,1
1174,xzmwloigjqhtpogryhhaercbsbayqn.jpg,1
1175,xthwtlmcujmnkrqpwocxlyqmocpeaj.jpg,1
1176,iglbldmphntooxnjvfualqrmztimhj.jpg,1
1177,yhwfqbloqnamhnayqbcbrqhpghliat.jpg,1
1178,ywsfuixhgjggbnivmbycttvricdmgz.jpg,0
1179,ibniuopkurdvevhnmseizirfivlkxr.jpg,0
1180,gdcoqmmdamygotimbpptsrdkfgncxr.jpg,0
1181,kldmnfyleuehvuhrzcvzobrtkkzues.jpg,1
1182,qpylgrncyrmbzakbzfeiacilcnlycu.jpg,0
1183,gtzurjavpwvdfgkayjdynxafofdyia.jpg,1
1184,qhhbjztpiuxraspbwbypjjawhfafoi.jpg,0
1185,wagdixiqflnlkuokezsvstjglnnewh.jpg,1
1186,htcjckxbidoioufvtnbnhksovbxbuy.jpg,0
1187,shjmagcpzcbzjvybzvgwatukbbaxpz.jpg,0
1188,prabntxtvxhcprddkcjphkukjnhkqk.jpg,1
1189,vclmsjxnzxnycmysozzvofxmelueoy.jpg,0
1190,avonwanlpmjublxobnbelmbqlhyhfs.jpg,1
1191,wavcvmhtdtizmnguneqdgxmbtuqkxw.jpg,0
1192,tsdnumyxjxdtpmjzgsbuhaoibrbgur.jpg,0
1193,heqiaofffcburzidjsvkjwlbkddobm.jpg,1
1194,fixdgxhzcchvubfhadkvdfvefiohmc.jpg,0
1195,wrgixgvogbvrvrvslnkuweluxuqlwq.jpg,1
1196,ogzhvivlbwtjpilkrvnolqkndpwtod.jpg,0
1197,cfyvfdnelarfyxmouktgsoooweofva.jpg,0
1198,nafxvtltrsnzawzesvlhrhogoyhhhy.jpg,1
1199,xplnsocurfzjaqwmklwdrqhrfkkagk.jpg,0
1200,asxjlptqlncdhuwnrmitrnfibrwvnq.jpg,0
1201,kxfznbfvtkjmbxyfbqdsscmufgwero.jpg,0
1202,bzplufpvmvfbbmbpqrozifdlelvjcf.jpg,0
1203,kviztjbqgksyakfnhtqrndymtxunwz.jpg,1
1204,gkxebviifcnfepepkzewerqlksciqa.jpg,0
1205,pgmrvereabkbbzludfomyvwnmegral.jpg,0
1206,cuyrcyiknlfplflhwhntqniyetqrdd.jpg,1
1207,vicsvtopykjpjxindgzidwuvncbygv.jpg,1
1208,vijkbvsrsmeurpxvwagjotamxlbrgk.jpg,1
1209,bmipwwyounohgccldmwellfetufruq.jpg,1
1210,wxgzvierevhtojakpqfsrlfhaqjdbf.jpg,1
1211,coovnsfdkljilkmozibvtrrocukecq.jpg,1
1212,zxbxybrknsjnwvnzdoyvduxocvmhcy.jpg,0
1213,bumysvveeazrijrxjggemuksmzrnxo.jpg,1
1214,lxzynbetcyiklhdyzzmccnphmutysh.jpg,1
1215,eaxmwpspgnifqyfwbzbocbzhnvgyzo.jpg,0
1216,acrbwwcknudlvwfjvfbreeatynhfov.jpg,0
1217,ofpvlsvfmxdlakaztvzwwdegjvdofc.jpg,1
1218,tjpvlyiyhycyouaxgnvyimsvolrequ.jpg,1
1219,lnfpehvsapfzlwgnlvtfhsgivvuena.jpg,0
1220,khtbxzclczktnqchxmxfvegnyikmqi.jpg,0
1221,xfjcfajxezguwihtaskxrekkfuhmzv.jpg,1
1222,pmsrgfqsvkwejgxorxgepvewttdxkr.jpg,0
1223,oxwdopunokwctggrbwuloaqxynuqkl.jpg,0
1225,bbjxnuqmvboqpfkaphzvtzsocoyxri.jpg,1
1226,npflwmbacyzuopbqgqpxeaghyajzer.jpg,1
1227,eeqwbaulsufnzyosiyusetoxjpnkvn.jpg,0
1228,qwcvcqgdcauspyspzvmkremawkbxrl.jpg,0
1229,ljqzxpjalisyoqanegsoibspydzays.jpg,0
1230,jmqwkyiohzkarrxwjmirgzppjotjxa.jpg,0
1232,fdvsetdagdudjtstnbcxbcbqkvfygm.jpg,1
1234,rcpyoocumwfiezbebdyxrkapachagw.jpg,1
1235,qcintklpahsyflzcrevzlsmptelpaw.jpg,1
1236,rqzcwasesgqerafyzxxidrmpzvdynk.jpg,0
1237,lspfjglbboetoxthhqeevxsyvdoryz.jpg,1
1238,zbjsdulisnypinpppprwsqhdiyvvom.jpg,0
1239,cjwpnfekhljhtuetdninpdgeqdewqi.jpg,1
1240,wqbxzcyqmqwpmwrzufwehothqavhtx.jpg,0
1241,qawjsxxbmzgsmedxrvzhvahwrcyglb.jpg,1
1242,iucvpgkqcgqthrcuwpdbakseqdebkg.jpg,0
1244,aubccvelyliywpqzgdpwypbivlksph.jpg,0
1245,nbsqacezbxfjxusnfjxrukaesvsaew.jpg,0
1246,kilmfvixgbyinjaarumtpryqvqvluw.jpg,0
1247,jdluhmkgwrndcbpakuejejgozwnhrk.jpg,1
1248,ephswqkcpeioizkuebvyoryzafttzl.jpg,0
1249,udkthuomyvqkftcqdheuesblkejojp.jpg,0
1250,hiwgxsnpmjqzbprcwidavwhtgpaldv.jpg,1
1251,xbfsgrgojkffhirxtovumcugujpjvx.JPG,1
1252,asdkvskkjtxzuedzaecwnqblbcorxa.jpg,0
1253,bzrmghogcsqxrnyseupryqumtlklqf.jpg,0
1254,akyftmgsubfqvneoxaoclhwwvtfbjs.jpg,0
1255,xxudpdlmzoqwbggnklivwrephxqgue.jpg,1
1257,ziagkgwltrjkrjvbbpnzctjefiiskg.jpg,0
1258,hhvcwwflndvijdhxmkfuyjnclnbbzr.jpg,1
1259,fviuatnyidoogxihohcslvxjsvqbrr.jpg,0
1260,hqkiscewcaqppiyjjuksivjwliehhb.jpg,0
1261,ckofltoqmzivjbakehrnhycvqblhqt.jpg,0
1262,uzolgnfpdfgmgrdcbpoqlpqcrqpwkf.jpg,1
1263,zbbcssleemhzlzcmgjwyufhugdrwko.jpg,1
1264,ymzylicduucrjolqeskcegusxlvyoe.jpg,0
1265,vmsoqgjprcjtnfjoatgxdpjooxunty.jpg,0
1266,sdjvggdwhfxqtxjgkcxxdquukvvsxa.jpg,0
1267,libzmjtyslyixbupphdsmjnidmnuhu.jpg,1
1268,qifbuefbcygcvnkykacoouejurpzxh.jpg,1
1269,fzzerkfxkskldmdivgqwytijtcgncv.jpg,0
1270,fwuxbadfizrgicahpdyzrdtcessmju.jpg,0
1271,sgkacszfbqctjvnpsuzgqqvpoytpyg.jpg,1
1272,ivhlscxcvysnkxhyhmadxjlsdksoxq.jpg,1
1273,iavowbmvkaaadzalntnrfyuwjclcyq.jpg,1
1274,bnefzpazanzhkwwqmkqfrwejnfrylo.jpg,1
1276,msiigywzihqnqtrdcsdkdzpgeyylyl.jpg,0
1277,iqpzuodtnmpojwmknnqzqojsrmpvfi.jpg,0
1278,ymxaxlvgfgpohgbxezmtidtmoukirx.jpg,1
1279,ufcmpdppruoridsesqcdoodwkybdtr.jpg,0
1280,xynjzgadtivwpzihfeputzfhesxyjv.jpg,0
1283,jgpxinvsgafzqzgqcanyiorxkrxohm.jpg,0
1284,bfzywqezzscawfjsygusklocmwifue.jpg,1
1285,ntmeirfkhiktgyzyegesnlqrsgmbsf.jpg,0
1286,kudirqrbnyrkjtlbrtlvqerreevrgp.jpg,1
1287,lbiqrmksaxzxrzlebhqldmcptalxtd.jpg,1
1288,ysrcoczwayzltiuzsuujcczvnqancc.jpg,0
1289,cxxmnqdjxblkxkojspbzdgeoybkyxu.jpg,1
1290,bepkxvwpehwdzhpqsminxiiusoitjo.jpg,1
1291,pjkrbkhrpyvmcyzafzpeddwewhdqsn.jpg,0
1292,sewpbsyvoslfvuefcbhbaamxdaknht.jpg,0
1293,kdrbotkekmhedwikwlnwcrunggyzmx.jpg,1
1294,llzvwiafucclynnqdfdelujavtdbku.jpg,1
1295,uippqurtssjhoshshyeiccweauxnsm.jpg,0
1296,ngtxibxbbumuamptuptfiufsdbqtpt.jpg,1
1297,rwmfodrxakkcyyulinfjpgaroaewbg.jpg,1
1298,kpcznzbgvgwliaqhkcrwsusssykqvs.jpg,1
1299,dunxkrdrwflfehxmvrbyewkyxecctu.jpg,1
1300,zztsdlnwthvfwwtwwuqskyssodjcib.jpg,1
1301,dugilrfchbpvfsbojwitoywjprqqnp.jpg,1
1302,udwpugycasnjnievqfcquptzxoonuy.jpg,0
1303,hxjwafskxmlfaotwaklzuwuccsbxfu.jpg,0
1304,oyodauphffgmzmvqlykcfvmyxartok.jpg,1
1306,mzjjvzkzvqmyukzsegtoktaslejcdz.jpg,0
1307,dbjdjyhnbvblwhhnfzaahzhdezbbib.jpg,0
